model,task,mode,nshot,kmaj,accuracy_kmaj,accuracy_kmaj_std,accuracy_kmaj_ci
starcoderplus,folio,baseline,1,1,0.33625824175824176,0.03149621888623992,0.03277829067960351
starcoderplus,folio,baseline,1,2,0.33540109890109887,0.032074526317589884,0.03338013844918595
starcoderplus,folio,baseline,1,3,0.33639560439560434,0.03054758473233373,0.031791041824188626
starcoderplus,folio,baseline,1,4,0.3354120879120878,0.030512555295691385,0.03175458649408209
starcoderplus,folio,baseline,1,5,0.33484065934065926,0.02828977777193915,0.029441329526545882
starcoderplus,folio,baseline,1,6,0.33615384615384614,0.028754485429493222,0.029924953377883787
starcoderplus,folio,baseline,1,7,0.33497802197802196,0.027890687911293933,0.029025994482464564
starcoderplus,folio,baseline,1,8,0.3353406593406593,0.02775186339671803,0.028881519035787635
starcoderplus,folio,baseline,1,9,0.33549450549450544,0.02708540433747709,0.028187931375352672
starcoderplus,folio,baseline,1,10,0.3346868131868132,0.02604849441145748,0.027108813431500508
starcoderplus,folio,baseline,2,1,0.3530934065934066,0.021015913229352277,0.021871378123739977
starcoderplus,folio,baseline,2,2,0.35330769230769227,0.019951029892435846,0.020763148095132883
starcoderplus,folio,baseline,2,3,0.3561758241758241,0.02370993655950174,0.024675063230584708
starcoderplus,folio,baseline,2,4,0.35742857142857143,0.024872149840750816,0.025884585075161455
starcoderplus,folio,baseline,2,5,0.3582087912087912,0.024473914012542952,0.025470138827401453
starcoderplus,folio,baseline,2,6,0.358098901098901,0.024736092871442333,0.025742989828281597
starcoderplus,folio,baseline,2,7,0.3596923076923077,0.025506997697298844,0.026545274780627837
starcoderplus,folio,baseline,2,8,0.35902197802197805,0.024745435004386848,0.02575271223814701
starcoderplus,folio,baseline,2,9,0.36106043956043954,0.024770795093790456,0.025779104624646946
starcoderplus,folio,baseline,2,10,0.36082417582417575,0.024834374683530693,0.025845272258334107
starcoderplus,folio,baseline,4,1,0.3667197802197802,0.038155355451359785,0.03970849124733055
starcoderplus,folio,baseline,4,2,0.36533516483516487,0.03785547572845574,0.039396404746986795
starcoderplus,folio,baseline,4,3,0.3694725274725275,0.03551952984433036,0.036965372835561505
starcoderplus,folio,baseline,4,4,0.37458791208791203,0.03478433173616539,0.03620024806348754
starcoderplus,folio,baseline,4,5,0.3738406593406594,0.03597012296903416,0.03743430761383181
starcoderplus,folio,baseline,4,6,0.37724725274725274,0.03492220510464436,0.03634373364711594
starcoderplus,folio,baseline,4,7,0.37932967032967035,0.03418737481921278,0.035578991670212314
starcoderplus,folio,baseline,4,8,0.38041758241758244,0.03358590540543982,0.03495303909632561
starcoderplus,folio,baseline,4,9,0.38321978021978026,0.033581042129936116,0.03494797785838174
starcoderplus,folio,baseline,4,10,0.3833516483516484,0.033187495444555334,0.03453841162771774
starcoderplus,folio,baseline,8,1,0.344076923076923,0.031458678808982336,0.03273922251180444
starcoderplus,folio,baseline,8,2,0.34486263736263734,0.029123872435834097,0.0303093764958092
starcoderplus,folio,baseline,8,3,0.3466263736263736,0.02898298473550023,0.030162753880205593
starcoderplus,folio,baseline,8,4,0.34733516483516486,0.026155678553409792,0.027220360565899288
starcoderplus,folio,baseline,8,5,0.34732417582417585,0.02659001828836859,0.027672380350801187
starcoderplus,folio,baseline,8,6,0.3485824175824176,0.025466683853125904,0.026503319938127993
starcoderplus,folio,baseline,8,7,0.3471428571428571,0.02372812233189588,0.024693989265354828
starcoderplus,folio,baseline,8,8,0.3481153846153846,0.02501753460669871,0.026035887812034045
starcoderplus,folio,baseline,8,9,0.3466868131868132,0.024103031645932343,0.025084159479702262
starcoderplus,folio,baseline,8,10,0.3474340659340659,0.022657565267632403,0.023579854557049827
starcoderplus,folio,scratchpad,1,1,0.33078021978021976,0.02473577066599641,0.025742654507276776
starcoderplus,folio,scratchpad,1,2,0.3347802197802197,0.023167730807196894,0.02411078667975829
starcoderplus,folio,scratchpad,1,3,0.3380054945054945,0.022554065649223954,0.02347214192685528
starcoderplus,folio,scratchpad,1,4,0.3364395604395604,0.02072687115849304,0.021570570428331253
starcoderplus,folio,scratchpad,1,5,0.3372362637362637,0.02012284981436805,0.020941962046292624
starcoderplus,folio,scratchpad,1,6,0.33700549450549444,0.01964758261764188,0.020447348823637614
starcoderplus,folio,scratchpad,1,7,0.33791758241758235,0.018081848255201007,0.01881788033903954
starcoderplus,folio,scratchpad,1,8,0.33764835164835166,0.01734706493202313,0.018053187236015303
starcoderplus,folio,scratchpad,1,9,0.33711538461538454,0.017030286035016814,0.017723513670920364
starcoderplus,folio,scratchpad,1,10,0.33733516483516485,0.015813273678827313,0.016456962123385988
starcoderplus,folio,scratchpad,2,1,0.3440934065934066,0.019242049282038404,0.02002530801922578
starcoderplus,folio,scratchpad,2,2,0.3438901098901099,0.019634887340381157,0.020434136777778614
starcoderplus,folio,scratchpad,2,3,0.347010989010989,0.01620801264660234,0.016867769168988186
starcoderplus,folio,scratchpad,2,4,0.34724725274725265,0.016636106003031146,0.01731328831291187
starcoderplus,folio,scratchpad,2,5,0.34871978021978023,0.014571228638013117,0.015164358921331342
starcoderplus,folio,scratchpad,2,6,0.34936263736263734,0.015008092652533198,0.015619005738053006
starcoderplus,folio,scratchpad,2,7,0.34921978021978023,0.013573359296751858,0.014125870731804067
starcoderplus,folio,scratchpad,2,8,0.3499010989010989,0.013276794649853374,0.013817234249550657
starcoderplus,folio,scratchpad,2,9,0.3494999999999999,0.013180079553683286,0.013716582309493373
starcoderplus,folio,scratchpad,2,10,0.35220879120879117,0.012751036763102581,0.013270075084151903
starcoderplus,folio,scratchpad,4,1,0.33590109890109887,0.04037472555886453,0.042018202097771566
starcoderplus,folio,scratchpad,4,2,0.3336098901098901,0.038656847513458506,0.040230396833660066
starcoderplus,folio,scratchpad,4,3,0.3391648351648351,0.029813460220794834,0.0310270343501119
starcoderplus,folio,scratchpad,4,4,0.3386703296703296,0.027841996879583268,0.028975321454166578
starcoderplus,folio,scratchpad,4,5,0.33879670329670325,0.024782643457410047,0.025791435282755567
starcoderplus,folio,scratchpad,4,6,0.3387252747252747,0.022613141848873218,0.023533622857355028
starcoderplus,folio,scratchpad,4,7,0.33803296703296704,0.02155325517965934,0.022430592888697205
starcoderplus,folio,scratchpad,4,8,0.33952747252747245,0.020886034135989502,0.021736212226816765
starcoderplus,folio,scratchpad,4,9,0.33830769230769225,0.018573392184375842,0.01932943284794486
starcoderplus,folio,scratchpad,4,10,0.3388571428571428,0.017281434818129666,0.017984885610404133
starcoderplus,folio,scratchpad,8,1,0.3258296703296703,0.015829897279155514,0.016474262396973346
starcoderplus,folio,scratchpad,8,2,0.3243296703296703,0.01569853971735385,0.016337557849698946
starcoderplus,folio,scratchpad,8,3,0.32686813186813185,0.020751416861871094,0.021596115278751778
starcoderplus,folio,scratchpad,8,4,0.3271373626373626,0.02075038318602488,0.02159503952653282
starcoderplus,folio,scratchpad,8,5,0.3267362637362637,0.021205405981613912,0.022068584288001923
starcoderplus,folio,scratchpad,8,6,0.3267692307692307,0.02082933335186477,0.02167720340450337
starcoderplus,folio,scratchpad,8,7,0.32752197802197797,0.022074047778234584,0.022972584650995477
starcoderplus,folio,scratchpad,8,8,0.32706043956043956,0.021128767066010804,0.021988825741044854
starcoderplus,folio,scratchpad,8,9,0.32641758241758234,0.020037653240777907,0.02085329749693416
starcoderplus,folio,scratchpad,8,10,0.32546703296703294,0.02020587120147873,0.021028362866948803
starcoderplus,folio,cot,1,1,0.20793406593406594,0.027289314354476683,0.028400141667446355
starcoderplus,folio,cot,1,2,0.2832087912087911,0.03472512866849239,0.03613863510072782
starcoderplus,folio,cot,1,3,0.3133296703296703,0.03026336716797917,0.03149525501961023
starcoderplus,folio,cot,1,4,0.32975824175824175,0.02896378110446992,0.030142768554275237
starcoderplus,folio,cot,1,5,0.3376263736263736,0.02632854205144607,0.027400260572531563
starcoderplus,folio,cot,1,6,0.3419890109890109,0.024145482958538036,0.02512833879752279
starcoderplus,folio,cot,1,7,0.34338461538461534,0.023353900343899586,0.024304534355051272
starcoderplus,folio,cot,1,8,0.34563186813186814,0.022516732229304445,0.02343328882850067
starcoderplus,folio,cot,1,9,0.3465384615384615,0.022829058718880593,0.023758328748347674
starcoderplus,folio,cot,1,10,0.3472417582417582,0.02360259217126874,0.02456334932698777
starcoderplus,folio,cot,2,1,0.40498351648351655,0.026994271756133812,0.0280930891896147
starcoderplus,folio,cot,2,2,0.40800000000000014,0.02606647146565345,0.02712752225207757
starcoderplus,folio,cot,2,3,0.40995604395604407,0.021279742392706816,0.022145946605671943
starcoderplus,folio,cot,2,4,0.4112307692307694,0.02107604072910463,0.02193395314812113
starcoderplus,folio,cot,2,5,0.40960439560439565,0.018897980831488474,0.019667234063537927
starcoderplus,folio,cot,2,6,0.40978571428571436,0.017706839128258323,0.01842760624884385
starcoderplus,folio,cot,2,7,0.41094505494505507,0.017572744591942947,0.01828805331692629
starcoderplus,folio,cot,2,8,0.41057692307692323,0.016668716916924443,0.017347226672903043
starcoderplus,folio,cot,2,9,0.4108461538461539,0.015895105836907075,0.016542125306756215
starcoderplus,folio,cot,2,10,0.4106208791208792,0.01561417334120933,0.016249757291452952
starcoderplus,folio,cot,4,1,0.3672747252747253,0.02486144675675147,0.02587344631594195
starcoderplus,folio,cot,4,2,0.37265384615384617,0.0260091986505294,0.027067918113912414
starcoderplus,folio,cot,4,3,0.3713736263736264,0.022889017821200296,0.023820728520581348
starcoderplus,folio,cot,4,4,0.3714065934065934,0.02240437016386131,0.023316353000242734
starcoderplus,folio,cot,4,5,0.36901098901098894,0.021260541543806015,0.02212596417511928
starcoderplus,folio,cot,4,6,0.3697197802197802,0.020781639847805983,0.021627568508796866
starcoderplus,folio,cot,4,7,0.3672252747252747,0.019636055073706273,0.020435352044363635
starcoderplus,folio,cot,4,8,0.36713186813186816,0.01916698684866511,0.019947190126118834
starcoderplus,folio,cot,4,9,0.3662032967032967,0.019930593703917934,0.020741880039750023
starcoderplus,folio,cot,4,10,0.3654835164835165,0.018782592330796502,0.019547148607235186
starcoderplus,folio,cot,8,1,0.401445054945055,0.01648629189088791,0.017157375930747065
starcoderplus,folio,cot,8,2,0.40266483516483526,0.018244550792473023,0.018987205777127005
starcoderplus,folio,cot,8,3,0.40871978021978034,0.018179450553103965,0.018919455594889
starcoderplus,folio,cot,8,4,0.4093351648351649,0.018391414932500922,0.019140048106856544
starcoderplus,folio,cot,8,5,0.4116703296703298,0.017054421086320763,0.017748631153436768
starcoderplus,folio,cot,8,6,0.4126923076923078,0.017073595642278158,0.017768586220776563
starcoderplus,folio,cot,8,7,0.41285164835164845,0.016178197053322962,0.01683673991475211
starcoderplus,folio,cot,8,8,0.41226373626373636,0.016149524726599876,0.016806900464398263
starcoderplus,folio,cot,8,9,0.4133461538461539,0.015498556675596844,0.016129434382644737
starcoderplus,folio,cot,8,10,0.4136923076923078,0.015576449204955569,0.016210497572429886
starcoderplus,folio,neurosymbolic,1,1,0.2080384615384616,0.015149529423656756,0.015766199774690143
starcoderplus,folio,neurosymbolic,1,2,0.27889010989010987,0.0309255429087735,0.03218438500664562
starcoderplus,folio,neurosymbolic,1,3,0.318021978021978,0.03349918487113607,0.0348627885525519
starcoderplus,folio,neurosymbolic,1,4,0.34335164835164833,0.0324566257712433,0.033777791481939066
starcoderplus,folio,neurosymbolic,1,5,0.36300549450549446,0.032635008887634806,0.03396343578618185
starcoderplus,folio,neurosymbolic,1,6,0.3780274725274726,0.031071610263651978,0.032336398117625724
starcoderplus,folio,neurosymbolic,1,7,0.3858736263736264,0.030280936619756955,0.031513539646077095
starcoderplus,folio,neurosymbolic,1,8,0.3963351648351649,0.02870284180428114,0.02987120756905943
starcoderplus,folio,neurosymbolic,1,9,0.4033186813186815,0.026963853399880906,0.028061432636589886
starcoderplus,folio,neurosymbolic,1,10,0.40976373626373636,0.026095182499688827,0.027157401985347225
starcoderplus,folio,neurosymbolic,2,1,0.283587912087912,0.02700549785921078,0.02810477225770567
starcoderplus,folio,neurosymbolic,2,2,0.34227472527472524,0.0318480251082654,0.033144417377226953
starcoderplus,folio,neurosymbolic,2,3,0.37296153846153846,0.02860435497077828,0.029768711772077242
starcoderplus,folio,neurosymbolic,2,4,0.3875934065934066,0.02524977028905017,0.026277576782058887
starcoderplus,folio,neurosymbolic,2,5,0.3972802197802199,0.024224460941570457,0.02521053162500077
starcoderplus,folio,neurosymbolic,2,6,0.4042857142857144,0.022570048215279543,0.023488775072499468
starcoderplus,folio,neurosymbolic,2,7,0.4112802197802199,0.023283605456578274,0.024231378073713818
starcoderplus,folio,neurosymbolic,2,8,0.4145384615384616,0.02005387924309245,0.020870183988050923
starcoderplus,folio,neurosymbolic,2,9,0.41790659340659353,0.020109829309942314,0.02092841153470889
starcoderplus,folio,neurosymbolic,2,10,0.4213461538461539,0.020060419996318423,0.020876990986417262
starcoderplus,folio,neurosymbolic,4,1,0.34371978021978017,0.023116626624975725,0.024057602272263563
starcoderplus,folio,neurosymbolic,4,2,0.3996813186813188,0.030496948719073047,0.03173834464274251
starcoderplus,folio,neurosymbolic,4,3,0.43036813186813194,0.02950507039210608,0.030706091335208952
starcoderplus,folio,neurosymbolic,4,4,0.44739010989011,0.028185460949077402,0.029332766427118448
starcoderplus,folio,neurosymbolic,4,5,0.46115384615384625,0.026696229788894014,0.02778291525184165
starcoderplus,folio,neurosymbolic,4,6,0.4697912087912089,0.026684294328701945,0.02777049395184423
starcoderplus,folio,neurosymbolic,4,7,0.47607142857142865,0.02470877043791448,0.025714555219305678
starcoderplus,folio,neurosymbolic,4,8,0.4825439560439561,0.024230501979538376,0.02521681856691066
starcoderplus,folio,neurosymbolic,4,9,0.4873901098901099,0.02382105771635168,0.024790707638347967
starcoderplus,folio,neurosymbolic,4,10,0.49182967032967034,0.023102962153857556,0.024043381580950995
starcoderplus,folio,neurosymbolic,8,1,0.33268131868131867,0.022472256104113974,0.023387002276928838
starcoderplus,folio,neurosymbolic,8,2,0.4023736263736265,0.033656784352563404,0.03502680321195716
starcoderplus,folio,neurosymbolic,8,3,0.4399945054945056,0.03201498892329913,0.03331817755085027
starcoderplus,folio,neurosymbolic,8,4,0.45937362637362644,0.030811766125484034,0.032065976873633766
starcoderplus,folio,neurosymbolic,8,5,0.4743351648351649,0.02865939490910392,0.029825992142903386
starcoderplus,folio,neurosymbolic,8,6,0.4842472527472528,0.027716123872602295,0.0288443247136867
starcoderplus,folio,neurosymbolic,8,7,0.49180219780219786,0.026917433810930518,0.028013123511442542
starcoderplus,folio,neurosymbolic,8,8,0.49763186813186816,0.02597991326021107,0.027037440644855353
starcoderplus,folio,neurosymbolic,8,9,0.5035274725274725,0.02436603246776179,0.025357865901988602
starcoderplus,folio,neurosymbolic,8,10,0.5043626373626374,0.022870323228567566,0.02380127295375075
starcoderplus,proofwriter,baseline,8,1,0.36368055555555556,0.026263940301965074,0.027333029171500624
starcoderplus,proofwriter,baseline,8,2,0.3633444444444444,0.027251908982856163,0.02836121368855516
starcoderplus,proofwriter,baseline,8,3,0.3697611111111111,0.025646728066048254,0.026690692954795953
starcoderplus,proofwriter,baseline,8,4,0.37214166666666665,0.0252025986743088,0.026228485019476094
starcoderplus,proofwriter,baseline,8,5,0.375025,0.024685196837401044,0.02569002204175871
starcoderplus,proofwriter,baseline,8,6,0.37601111111111113,0.025567253361369197,0.02660798318632962
starcoderplus,proofwriter,baseline,8,7,0.377125,0.02365449853465353,0.024617368568894012
starcoderplus,proofwriter,baseline,8,8,0.37818888888888885,0.023472484548172516,0.02442794559789623
starcoderplus,proofwriter,baseline,8,9,0.3793444444444445,0.023181700424427482,0.024125324938332148
starcoderplus,proofwriter,baseline,8,10,0.3808722222222223,0.021820147983565356,0.02270834971843996
starcoderplus,proofwriter,scratchpad,8,1,0.3848777777777778,0.02241975815113881,0.02333236736443603
starcoderplus,proofwriter,scratchpad,8,2,0.38435,0.021306124865637183,0.02217340299241099
starcoderplus,proofwriter,scratchpad,8,3,0.38804444444444447,0.01749549853921866,0.018207662918980624
starcoderplus,proofwriter,scratchpad,8,4,0.3866555555555556,0.01653969784906216,0.017212955809315384
starcoderplus,proofwriter,scratchpad,8,5,0.38724722222222224,0.015363325890164776,0.01598869894993348
starcoderplus,proofwriter,scratchpad,8,6,0.38604444444444447,0.014565047795457128,0.015157926484006823
starcoderplus,proofwriter,scratchpad,8,7,0.3861777777777778,0.013696282274695864,0.014253797360610023
starcoderplus,proofwriter,scratchpad,8,8,0.3846805555555555,0.0132985005072279,0.013839823656394763
starcoderplus,proofwriter,scratchpad,8,9,0.385375,0.011979526967206371,0.012467160536110846
starcoderplus,proofwriter,scratchpad,8,10,0.38391666666666674,0.011671262322368174,0.012146347800739438
starcoderplus,proofwriter,cot,8,1,0.4043944444444444,0.019762727575781836,0.020567180823848
starcoderplus,proofwriter,cot,8,2,0.41144166666666665,0.020601083027685225,0.02143966201895822
starcoderplus,proofwriter,cot,8,3,0.4164527777777778,0.017841697372264133,0.018567953975614778
starcoderplus,proofwriter,cot,8,4,0.41633611111111113,0.01755609154420886,0.018270722397259367
starcoderplus,proofwriter,cot,8,5,0.4160388888888889,0.016055200880357803,0.016708737111479362
starcoderplus,proofwriter,cot,8,6,0.41697500000000004,0.015169484628321718,0.01578696726749433
starcoderplus,proofwriter,cot,8,7,0.41576944444444447,0.014472907586671923,0.015062035654769532
starcoderplus,proofwriter,cot,8,8,0.4152,0.013904218207098782,0.014470197445320345
starcoderplus,proofwriter,cot,8,9,0.4143611111111111,0.013247146210261641,0.013786378953089689
starcoderplus,proofwriter,cot,8,10,0.41355000000000003,0.013212156532788791,0.013749965000572625
starcoderplus,proofwriter,neurosymbolic,8,1,0.5401611111111111,0.02402709311805538,0.025005129830158526
starcoderplus,proofwriter,neurosymbolic,8,2,0.6451527777777778,0.039782197826275116,0.04140155518136894
starcoderplus,proofwriter,neurosymbolic,8,3,0.7035388888888889,0.039913382684056614,0.041538079994606215
starcoderplus,proofwriter,neurosymbolic,8,4,0.7338055555555555,0.0366031752484891,0.038093128652201755
starcoderplus,proofwriter,neurosymbolic,8,5,0.7550472222222222,0.03167196727079752,0.03296119300373031
starcoderplus,proofwriter,neurosymbolic,8,6,0.7661527777777778,0.028005287061465052,0.029145258457277286
starcoderplus,proofwriter,neurosymbolic,8,7,0.7781361111111111,0.025671890852414274,0.026716880006924123
starcoderplus,proofwriter,neurosymbolic,8,8,0.7841472222222222,0.023985134124090642,0.024961462871093774
starcoderplus,proofwriter,neurosymbolic,8,9,0.7927972222222223,0.022316354622607504,0.023224754735512606
starcoderplus,proofwriter,neurosymbolic,8,10,0.7962527777777778,0.020183800305023987,0.021005393561897744
gpt-3.5-turbo-16k-0613,folio,baseline,1,1,0.4525494505494506,0.02453375397135673,0.02553241460632393
gpt-3.5-turbo-16k-0613,folio,baseline,1,2,0.4530494505494506,0.023772849678529127,0.02474053726448346
gpt-3.5-turbo-16k-0613,folio,baseline,1,3,0.45655494505494515,0.01902428471739671,0.01979867922212083
gpt-3.5-turbo-16k-0613,folio,baseline,1,4,0.45563186813186823,0.01884172808700607,0.01960869151857945
gpt-3.5-turbo-16k-0613,folio,baseline,1,5,0.45739560439560445,0.01594115416422002,0.016590048057846588
gpt-3.5-turbo-16k-0613,folio,baseline,1,6,0.4576703296703297,0.01574574580797589,0.016386685491523053
gpt-3.5-turbo-16k-0613,folio,baseline,1,7,0.4581263736263737,0.0142617709325184,0.014842304561079848
gpt-3.5-turbo-16k-0613,folio,baseline,1,8,0.4572032967032968,0.01494109413416081,0.015549280006267712
gpt-3.5-turbo-16k-0613,folio,baseline,1,9,0.45838461538461545,0.013874604469928395,0.014439378263862842
gpt-3.5-turbo-16k-0613,folio,baseline,1,10,0.45781868131868136,0.013410050671139762,0.013955914534200347
gpt-3.5-turbo-16k-0613,folio,baseline,2,1,0.5032417582417582,0.025092450721332718,0.026113853430412854
gpt-3.5-turbo-16k-0613,folio,baseline,2,2,0.502532967032967,0.02523676018680848,0.02626403709608611
gpt-3.5-turbo-16k-0613,folio,baseline,2,3,0.5112637362637362,0.021205872941629154,0.022069070255894472
gpt-3.5-turbo-16k-0613,folio,baseline,2,4,0.510489010989011,0.021728472670078002,0.022612942708332306
gpt-3.5-turbo-16k-0613,folio,baseline,2,5,0.5151318681318681,0.02017724563452521,0.020998572079747965
gpt-3.5-turbo-16k-0613,folio,baseline,2,6,0.5149395604395605,0.019874651724894377,0.02068366091013801
gpt-3.5-turbo-16k-0613,folio,baseline,2,7,0.5178021978021977,0.017880711411992573,0.018608556104378973
gpt-3.5-turbo-16k-0613,folio,baseline,2,8,0.516587912087912,0.01786909067754467,0.018596462341219033
gpt-3.5-turbo-16k-0613,folio,baseline,2,9,0.5177197802197802,0.016864082092515116,0.01755054430087967
gpt-3.5-turbo-16k-0613,folio,baseline,2,10,0.5182252747252746,0.016700504935866736,0.01738030864152863
gpt-3.5-turbo-16k-0613,folio,baseline,4,1,0.4880164835164836,0.022944570091925815,0.02387854207859382
gpt-3.5-turbo-16k-0613,folio,baseline,4,2,0.48775824175824173,0.02354189855987417,0.024500185147062817
gpt-3.5-turbo-16k-0613,folio,baseline,4,3,0.49813186813186816,0.01937341132939312,0.020162017234640266
gpt-3.5-turbo-16k-0613,folio,baseline,4,4,0.49935164835164836,0.01852722159046886,0.019281382853328075
gpt-3.5-turbo-16k-0613,folio,baseline,4,5,0.501978021978022,0.016208698081311906,0.01686848250471376
gpt-3.5-turbo-16k-0613,folio,baseline,4,6,0.5030549450549451,0.01601991273865397,0.01667201254557229
gpt-3.5-turbo-16k-0613,folio,baseline,4,7,0.5046263736263736,0.01490321794391826,0.015509862043810363
gpt-3.5-turbo-16k-0613,folio,baseline,4,8,0.5054505494505495,0.01469606747491133,0.015294279395237526
gpt-3.5-turbo-16k-0613,folio,baseline,4,9,0.5057747252747252,0.01404101393970598,0.014612561527285975
gpt-3.5-turbo-16k-0613,folio,baseline,4,10,0.5072857142857142,0.0133616206597024,0.01390551315115675
gpt-3.5-turbo-16k-0613,folio,baseline,8,1,0.4952967032967033,0.016123601798591604,0.01677992232862296
gpt-3.5-turbo-16k-0613,folio,baseline,8,2,0.495456043956044,0.01584578709700419,0.016490799019041255
gpt-3.5-turbo-16k-0613,folio,baseline,8,3,0.49825824175824174,0.016608056083381215,0.01728409660507082
gpt-3.5-turbo-16k-0613,folio,baseline,8,4,0.4975989010989011,0.01568200692329825,0.016320352078705993
gpt-3.5-turbo-16k-0613,folio,baseline,8,5,0.4978461538461539,0.015384945051412949,0.0160111981316353
gpt-3.5-turbo-16k-0613,folio,baseline,8,6,0.49870879120879125,0.015115158921543756,0.015730430201423812
gpt-3.5-turbo-16k-0613,folio,baseline,8,7,0.49825824175824174,0.014858052145593114,0.015462857745560303
gpt-3.5-turbo-16k-0613,folio,baseline,8,8,0.4994835164835165,0.015068538821488578,0.01568191240325127
gpt-3.5-turbo-16k-0613,folio,baseline,8,9,0.498532967032967,0.014087499565371682,0.014660939377211298
gpt-3.5-turbo-16k-0613,folio,baseline,8,10,0.4991703296703297,0.013889474138670999,0.014454853211065708
gpt-3.5-turbo-16k-0613,folio,scratchpad,1,1,0.3571868131868132,0.02080520171272002,0.021652089473040082
gpt-3.5-turbo-16k-0613,folio,scratchpad,1,2,0.3975109890109891,0.02423854937266959,0.025225193533830365
gpt-3.5-turbo-16k-0613,folio,scratchpad,1,3,0.4098736263736265,0.020531071730727282,0.021366800871693774
gpt-3.5-turbo-16k-0613,folio,scratchpad,1,4,0.4156098901098902,0.018430867215638354,0.01918110631798098
gpt-3.5-turbo-16k-0613,folio,scratchpad,1,5,0.41959340659340666,0.017154866883626708,0.017853165654975845
gpt-3.5-turbo-16k-0613,folio,scratchpad,1,6,0.42148901098901104,0.016537894736736922,0.017211079300260817
gpt-3.5-turbo-16k-0613,folio,scratchpad,1,7,0.4228351648351649,0.015521432451756046,0.016153241330493815
gpt-3.5-turbo-16k-0613,folio,scratchpad,1,8,0.42352197802197805,0.016085336332265818,0.01674009924437442
gpt-3.5-turbo-16k-0613,folio,scratchpad,1,9,0.42479120879120885,0.014971550527659791,0.015580976144866688
gpt-3.5-turbo-16k-0613,folio,scratchpad,1,10,0.42431318681318686,0.014468792020034685,0.015057752561613685
gpt-3.5-turbo-16k-0613,folio,scratchpad,2,1,0.39334065934065937,0.01926234143004084,0.02004642617084073
gpt-3.5-turbo-16k-0613,folio,scratchpad,2,2,0.4231208791208792,0.021747372132340043,0.022632611484128883
gpt-3.5-turbo-16k-0613,folio,scratchpad,2,3,0.4344890109890111,0.02067502254361733,0.02151661128562053
gpt-3.5-turbo-16k-0613,folio,scratchpad,2,4,0.4392637362637364,0.020124509788207876,0.020943689590327004
gpt-3.5-turbo-16k-0613,folio,scratchpad,2,5,0.44170329670329683,0.01954677569430501,0.02034243849622381
gpt-3.5-turbo-16k-0613,folio,scratchpad,2,6,0.4441758241758243,0.01848017113105852,0.019232417177774085
gpt-3.5-turbo-16k-0613,folio,scratchpad,2,7,0.44509340659340674,0.01791322638463842,0.01864239461777877
gpt-3.5-turbo-16k-0613,folio,scratchpad,2,8,0.44575274725274733,0.01789967125089143,0.018628287714478265
gpt-3.5-turbo-16k-0613,folio,scratchpad,2,9,0.4452857142857144,0.01785861025247319,0.018585555304387737
gpt-3.5-turbo-16k-0613,folio,scratchpad,2,10,0.44745604395604405,0.01661852312790711,0.017294989716693687
gpt-3.5-turbo-16k-0613,folio,scratchpad,4,1,0.4244065934065935,0.023887792178079133,0.02486015856490998
gpt-3.5-turbo-16k-0613,folio,scratchpad,4,2,0.4320000000000001,0.020529625507726672,0.021365295779350067
gpt-3.5-turbo-16k-0613,folio,scratchpad,4,3,0.44204945054945066,0.018100031156965065,0.01883680338632892
gpt-3.5-turbo-16k-0613,folio,scratchpad,4,4,0.4421428571428572,0.0180158626719085,0.018749208774441993
gpt-3.5-turbo-16k-0613,folio,scratchpad,4,5,0.444445054945055,0.015853032868479482,0.016498339733832225
gpt-3.5-turbo-16k-0613,folio,scratchpad,4,6,0.44502747252747266,0.015381647084135409,0.016007765918693632
gpt-3.5-turbo-16k-0613,folio,scratchpad,4,7,0.4461208791208792,0.013917880675146715,0.014484416052026551
gpt-3.5-turbo-16k-0613,folio,scratchpad,4,8,0.44631318681318694,0.014026127352933529,0.01459706897339508
gpt-3.5-turbo-16k-0613,folio,scratchpad,4,9,0.4469560439560441,0.01257063606969494,0.013082331076254465
gpt-3.5-turbo-16k-0613,folio,scratchpad,4,10,0.44698351648351653,0.013149901407085187,0.013685175743996195
gpt-3.5-turbo-16k-0613,folio,scratchpad,8,1,0.42984615384615393,0.02061148303013067,0.021450485359514004
gpt-3.5-turbo-16k-0613,folio,scratchpad,8,2,0.4387527472527473,0.018622557066283737,0.019380599014786223
gpt-3.5-turbo-16k-0613,folio,scratchpad,8,3,0.44782417582417594,0.018262916367256656,0.019006318933246797
gpt-3.5-turbo-16k-0613,folio,scratchpad,8,4,0.45034615384615395,0.01823946678974752,0.018981914827132202
gpt-3.5-turbo-16k-0613,folio,scratchpad,8,5,0.45270329670329673,0.018574627463623327,0.01933071840994806
gpt-3.5-turbo-16k-0613,folio,scratchpad,8,6,0.45487912087912097,0.01737085631036767,0.018077947056165854
gpt-3.5-turbo-16k-0613,folio,scratchpad,8,7,0.45593406593406605,0.016323028244067818,0.016987466542823074
gpt-3.5-turbo-16k-0613,folio,scratchpad,8,8,0.4579065934065935,0.016402805146213686,0.017070490809878765
gpt-3.5-turbo-16k-0613,folio,scratchpad,8,9,0.45948351648351654,0.015472788927611147,0.01610261774358452
gpt-3.5-turbo-16k-0613,folio,scratchpad,8,10,0.4596868131868133,0.015255968205056238,0.015876971208204
gpt-3.5-turbo-16k-0613,folio,cot,1,1,0.5000824175824176,0.037945030678841356,0.03948960508338716
gpt-3.5-turbo-16k-0613,folio,cot,1,2,0.5007802197802197,0.0392900696886395,0.040889394683459784
gpt-3.5-turbo-16k-0613,folio,cot,1,3,0.5121153846153845,0.03336978117423714,0.03472811740338036
gpt-3.5-turbo-16k-0613,folio,cot,1,4,0.5143241758241757,0.032316171702539746,0.0336316201491919
gpt-3.5-turbo-16k-0613,folio,cot,1,5,0.5177472527472528,0.029334227800672644,0.03052829449735079
gpt-3.5-turbo-16k-0613,folio,cot,1,6,0.5194285714285714,0.028058962879956996,0.029201119180983493
gpt-3.5-turbo-16k-0613,folio,cot,1,7,0.5216428571428571,0.025605385421607296,0.02664766743411857
gpt-3.5-turbo-16k-0613,folio,cot,1,8,0.5227417582417583,0.02504535132981586,0.026064836830942673
gpt-3.5-turbo-16k-0613,folio,cot,1,9,0.524521978021978,0.024156230196616335,0.025139523508138552
gpt-3.5-turbo-16k-0613,folio,cot,1,10,0.5242802197802198,0.022947990817816018,0.02388210204710843
gpt-3.5-turbo-16k-0613,folio,cot,2,1,0.575489010989011,0.0209591288059478,0.021812282257561617
gpt-3.5-turbo-16k-0613,folio,cot,2,2,0.5760824175824175,0.02107312341852163,0.02193091708672475
gpt-3.5-turbo-16k-0613,folio,cot,2,3,0.5865659340659339,0.019240950993792215,0.020024165024521763
gpt-3.5-turbo-16k-0613,folio,cot,2,4,0.5869999999999997,0.0192232669824629,0.02000576117529061
gpt-3.5-turbo-16k-0613,folio,cot,2,5,0.5909999999999999,0.015951256357999627,0.016600561467262673
gpt-3.5-turbo-16k-0613,folio,cot,2,6,0.5911758241758241,0.016722772769211736,0.01740348289989989
gpt-3.5-turbo-16k-0613,folio,cot,2,7,0.5928021978021976,0.015254453304213614,0.015875394642447024
gpt-3.5-turbo-16k-0613,folio,cot,2,8,0.5930549450549449,0.014761624807605435,0.015362505277048553
gpt-3.5-turbo-16k-0613,folio,cot,2,9,0.5946758241758241,0.01405738815769864,0.014629602267285692
gpt-3.5-turbo-16k-0613,folio,cot,2,10,0.5942527472527472,0.013800163460351613,0.014361907089967207
gpt-3.5-turbo-16k-0613,folio,cot,4,1,0.5329835164835165,0.029182492874177273,0.030370383112975494
gpt-3.5-turbo-16k-0613,folio,cot,4,2,0.5328241758241758,0.029611930724811872,0.03081730147951868
gpt-3.5-turbo-16k-0613,folio,cot,4,3,0.5346978021978023,0.023870306677474962,0.02484196130689777
gpt-3.5-turbo-16k-0613,folio,cot,4,4,0.5364890109890109,0.02415216062172786,0.025135288278852187
gpt-3.5-turbo-16k-0613,folio,cot,4,5,0.5350934065934067,0.020513889869431687,0.02134891961280369
gpt-3.5-turbo-16k-0613,folio,cot,4,6,0.5347637362637363,0.020300001368198147,0.021126324656508138
gpt-3.5-turbo-16k-0613,folio,cot,4,7,0.534434065934066,0.01842561834576362,0.019175643789824354
gpt-3.5-turbo-16k-0613,folio,cot,4,8,0.5344945054945055,0.01803898621175482,0.01877327357134227
gpt-3.5-turbo-16k-0613,folio,cot,4,9,0.5328186813186814,0.016779639554725938,0.017462664480785255
gpt-3.5-turbo-16k-0613,folio,cot,4,10,0.5334505494505494,0.016565962312953153,0.017240289383388906
gpt-3.5-turbo-16k-0613,folio,cot,8,1,0.5348571428571428,0.01703975759712338,0.017733370778436675
gpt-3.5-turbo-16k-0613,folio,cot,8,2,0.5357912087912087,0.016301007930739273,0.0169645498799136
gpt-3.5-turbo-16k-0613,folio,cot,8,3,0.5355824175824175,0.01519051814669363,0.015808856967388134
gpt-3.5-turbo-16k-0613,folio,cot,8,4,0.5372417582417581,0.015705749621939564,0.016345061237617867
gpt-3.5-turbo-16k-0613,folio,cot,8,5,0.5374175824175825,0.014514129131682454,0.015104935146594178
gpt-3.5-turbo-16k-0613,folio,cot,8,6,0.5381923076923076,0.014608152180601987,0.015202785458061675
gpt-3.5-turbo-16k-0613,folio,cot,8,7,0.5381043956043956,0.013611271984396187,0.01416532667731103
gpt-3.5-turbo-16k-0613,folio,cot,8,8,0.538510989010989,0.012799861834705944,0.01332088760851389
gpt-3.5-turbo-16k-0613,folio,cot,8,9,0.538456043956044,0.013066066922309048,0.013597928728064146
gpt-3.5-turbo-16k-0613,folio,cot,8,10,0.5392417582417581,0.012512324560604806,0.013021645963485014
gpt-3.5-turbo-16k-0613,folio,neurosymbolic,1,1,0.3328021978021978,0.015514658392800161,0.01614619152955299
gpt-3.5-turbo-16k-0613,folio,neurosymbolic,1,2,0.4185109890109891,0.03179056446701988,0.033084617767369505
gpt-3.5-turbo-16k-0613,folio,neurosymbolic,1,3,0.4606813186813188,0.02684765394143704,0.027940503212031256
gpt-3.5-turbo-16k-0613,folio,neurosymbolic,1,4,0.4828076923076924,0.026547252997437203,0.027627874273985754
gpt-3.5-turbo-16k-0613,folio,neurosymbolic,1,5,0.4989725274725275,0.025189794594652946,0.026215159742357587
gpt-3.5-turbo-16k-0613,folio,neurosymbolic,1,6,0.5095384615384615,0.02215335556756653,0.023055120709729027
gpt-3.5-turbo-16k-0613,folio,neurosymbolic,1,7,0.5174615384615383,0.021397777253545375,0.02226878614374053
gpt-3.5-turbo-16k-0613,folio,neurosymbolic,1,8,0.5232912087912086,0.020125106085191812,0.020944310159924307
gpt-3.5-turbo-16k-0613,folio,neurosymbolic,1,9,0.5291208791208791,0.018901418346393313,0.01967081150447372
gpt-3.5-turbo-16k-0613,folio,neurosymbolic,1,10,0.5341703296703297,0.01811774258302601,0.018855235766224197
gpt-3.5-turbo-16k-0613,folio,neurosymbolic,2,1,0.4581208791208792,0.02598332767819047,0.027040994048692004
gpt-3.5-turbo-16k-0613,folio,neurosymbolic,2,2,0.5275934065934066,0.028726079762044644,0.02989539144132434
gpt-3.5-turbo-16k-0613,folio,neurosymbolic,2,3,0.5531153846153846,0.020426049386492423,0.021257503532237973
gpt-3.5-turbo-16k-0613,folio,neurosymbolic,2,4,0.5677637362637361,0.01730560863089589,0.018010043432190533
gpt-3.5-turbo-16k-0613,folio,neurosymbolic,2,5,0.5760714285714285,0.013340422857581384,0.013883452480248885
gpt-3.5-turbo-16k-0613,folio,neurosymbolic,2,6,0.5816318681318681,0.01251801141674391,0.013027564306390042
gpt-3.5-turbo-16k-0613,folio,neurosymbolic,2,7,0.5851813186813185,0.011647821623852646,0.012121952935043017
gpt-3.5-turbo-16k-0613,folio,neurosymbolic,2,8,0.588489010989011,0.011281779972714198,0.011741011346937029
gpt-3.5-turbo-16k-0613,folio,neurosymbolic,2,9,0.5897692307692306,0.010387022222392343,0.01080983196525287
gpt-3.5-turbo-16k-0613,folio,neurosymbolic,2,10,0.5915109890109889,0.00985030910897347,0.010251271634352813
gpt-3.5-turbo-16k-0613,folio,neurosymbolic,4,1,0.5201593406593407,0.032625260919144625,0.03395329102100032
gpt-3.5-turbo-16k-0613,folio,neurosymbolic,4,2,0.5630714285714284,0.028322861588976754,0.02947576003947717
gpt-3.5-turbo-16k-0613,folio,neurosymbolic,4,3,0.5860494505494505,0.025084135083164146,0.026105199299386515
gpt-3.5-turbo-16k-0613,folio,neurosymbolic,4,4,0.59610989010989,0.02228761073058868,0.023194840806756295
gpt-3.5-turbo-16k-0613,folio,neurosymbolic,4,5,0.6048736263736262,0.020762711198376995,0.021607869357752846
gpt-3.5-turbo-16k-0613,folio,neurosymbolic,4,6,0.6103406593406593,0.019260006032901258,0.020043995710010816
gpt-3.5-turbo-16k-0613,folio,neurosymbolic,4,7,0.6157252747252746,0.017416937624560987,0.01812590413688663
gpt-3.5-turbo-16k-0613,folio,neurosymbolic,4,8,0.6187417582417581,0.017788692985044447,0.018512792014178825
gpt-3.5-turbo-16k-0613,folio,neurosymbolic,4,9,0.6209175824175822,0.016921784416176595,0.017610595430975505
gpt-3.5-turbo-16k-0613,folio,neurosymbolic,4,10,0.6235054945054944,0.016056291359186455,0.01670987197887899
gpt-3.5-turbo-16k-0613,folio,neurosymbolic,8,1,0.5128846153846154,0.01805175023401585,0.018786557160506548
gpt-3.5-turbo-16k-0613,folio,neurosymbolic,8,2,0.5526153846153845,0.023031236827892793,0.02396873663413836
gpt-3.5-turbo-16k-0613,folio,neurosymbolic,8,3,0.5698681318681318,0.019173654589314706,0.01995412928100527
gpt-3.5-turbo-16k-0613,folio,neurosymbolic,8,4,0.5803131868131867,0.019128701664984916,0.019907346521909577
gpt-3.5-turbo-16k-0613,folio,neurosymbolic,8,5,0.5878351648351646,0.017437420670989346,0.018147220957558267
gpt-3.5-turbo-16k-0613,folio,neurosymbolic,8,6,0.592708791208791,0.016726118554618464,0.017406964877435333
gpt-3.5-turbo-16k-0613,folio,neurosymbolic,8,7,0.5968351648351647,0.016038520831576704,0.016691378091672204
gpt-3.5-turbo-16k-0613,folio,neurosymbolic,8,8,0.5998296703296702,0.015552885692084436,0.016185974893148533
gpt-3.5-turbo-16k-0613,folio,neurosymbolic,8,9,0.6020494505494502,0.015189769873282638,0.015808078235075476
gpt-3.5-turbo-16k-0613,folio,neurosymbolic,8,10,0.6037472527472526,0.015327677211010856,0.01595159917069104
gpt-3.5-turbo-16k-0613,proofwriter,baseline,8,1,0.36819999999999997,0.02975041445919413,0.03096142227434722
gpt-3.5-turbo-16k-0613,proofwriter,baseline,8,2,0.368625,0.03073130956118985,0.0319822452783892
gpt-3.5-turbo-16k-0613,proofwriter,baseline,8,3,0.37165,0.02580846533050831,0.02685901382808376
gpt-3.5-turbo-16k-0613,proofwriter,baseline,8,4,0.37443055555555554,0.025766187378753514,0.026815014927867756
gpt-3.5-turbo-16k-0613,proofwriter,baseline,8,5,0.3749944444444444,0.02320267585143288,0.02414715418221679
gpt-3.5-turbo-16k-0613,proofwriter,baseline,8,6,0.37638611111111114,0.022231595071979075,0.023136544998388096
gpt-3.5-turbo-16k-0613,proofwriter,baseline,8,7,0.37735555555555556,0.022308322092167782,0.02321639523627884
gpt-3.5-turbo-16k-0613,proofwriter,baseline,8,8,0.3762083333333333,0.020357866006370445,0.021186544708220765
gpt-3.5-turbo-16k-0613,proofwriter,baseline,8,9,0.37738333333333335,0.019463053793353266,0.020255308646905796
gpt-3.5-turbo-16k-0613,proofwriter,baseline,8,10,0.37639444444444436,0.019364119007542573,0.02015234666345819
gpt-3.5-turbo-16k-0613,proofwriter,scratchpad,8,1,0.35458055555555557,0.019853592011037726,0.02066174394845712
gpt-3.5-turbo-16k-0613,proofwriter,scratchpad,8,2,0.3546166666666667,0.02030244998291197,0.02112887294349909
gpt-3.5-turbo-16k-0613,proofwriter,scratchpad,8,3,0.3466166666666667,0.01687016414477361,0.017556873926590534
gpt-3.5-turbo-16k-0613,proofwriter,scratchpad,8,4,0.3454083333333333,0.016140440497224493,0.016797446456215823
gpt-3.5-turbo-16k-0613,proofwriter,scratchpad,8,5,0.34281388888888886,0.01354018681372666,0.014091347943684914
gpt-3.5-turbo-16k-0613,proofwriter,scratchpad,8,6,0.34271666666666667,0.014250058479412171,0.014830115345800586
gpt-3.5-turbo-16k-0613,proofwriter,scratchpad,8,7,0.34111944444444453,0.012246878854086322,0.012745395136065318
gpt-3.5-turbo-16k-0613,proofwriter,scratchpad,8,8,0.3413138888888889,0.011141233820784064,0.011594744182662327
gpt-3.5-turbo-16k-0613,proofwriter,scratchpad,8,9,0.34083888888888886,0.011551413520473919,0.012021620484096097
gpt-3.5-turbo-16k-0613,proofwriter,scratchpad,8,10,0.3411222222222222,0.010870159629479705,0.011312635759730502
gpt-3.5-turbo-16k-0613,proofwriter,cot,8,1,0.4528277777777778,0.01122706028825219,0.01168406426609313
gpt-3.5-turbo-16k-0613,proofwriter,cot,8,2,0.45444166666666663,0.011795649111556466,0.012275797826072405
gpt-3.5-turbo-16k-0613,proofwriter,cot,8,3,0.45354999999999995,0.011170230221883367,0.011624920899027178
gpt-3.5-turbo-16k-0613,proofwriter,cot,8,4,0.4545888888888888,0.01099133216293864,0.01143874069119693
gpt-3.5-turbo-16k-0613,proofwriter,cot,8,5,0.45391666666666663,0.010573778130385434,0.011004189880418527
gpt-3.5-turbo-16k-0613,proofwriter,cot,8,6,0.4533138888888889,0.0104636905269816,0.010889621097491755
gpt-3.5-turbo-16k-0613,proofwriter,cot,8,7,0.45359166666666667,0.01086716618654219,0.01130952046696812
gpt-3.5-turbo-16k-0613,proofwriter,cot,8,8,0.4538222222222222,0.010210222425359237,0.010625835430298072
gpt-3.5-turbo-16k-0613,proofwriter,cot,8,9,0.4529361111111111,0.010024565120951512,0.01043262083801167
gpt-3.5-turbo-16k-0613,proofwriter,cot,8,10,0.45317777777777773,0.01020290445212829,0.010618219574737253
gpt-3.5-turbo-16k-0613,proofwriter,neurosymbolic,8,1,0.9397833333333333,0.0068540314351175765,0.007133028746049734
gpt-3.5-turbo-16k-0613,proofwriter,neurosymbolic,8,2,0.9520472222222222,0.0070677011603036966,0.007355396020892411
gpt-3.5-turbo-16k-0613,proofwriter,neurosymbolic,8,3,0.9581638888888889,0.006101810473079517,0.006350188194997225
gpt-3.5-turbo-16k-0613,proofwriter,neurosymbolic,8,4,0.9603638888888888,0.005954196958427991,0.006196565986916893
gpt-3.5-turbo-16k-0613,proofwriter,neurosymbolic,8,5,0.9620222222222221,0.005365079130271429,0.005583467777077846
gpt-3.5-turbo-16k-0613,proofwriter,neurosymbolic,8,6,0.9627249999999999,0.0049108086571018625,0.0051107059617471065
gpt-3.5-turbo-16k-0613,proofwriter,neurosymbolic,8,7,0.9627777777777777,0.004827263110272985,0.005023759645148457
gpt-3.5-turbo-16k-0613,proofwriter,neurosymbolic,8,8,0.9631138888888888,0.004391313500452818,0.004570064454498508
gpt-3.5-turbo-16k-0613,proofwriter,neurosymbolic,8,9,0.963436111111111,0.004146647277256075,0.004315438951278905
gpt-3.5-turbo-16k-0613,proofwriter,neurosymbolic,8,10,0.963347222222222,0.004220919938053399,0.004392734923660716
gpt-4-0613,folio,baseline,8,1,0.6829835164835164,0.011097256705515892,0.011548976953500089
gpt-4-0613,folio,baseline,8,2,0.6836923076923076,0.010897110223840436,0.01134068339361109
gpt-4-0613,folio,baseline,8,3,0.6859175824175823,0.01011113077671665,0.010522710198826338
gpt-4-0613,folio,baseline,8,4,0.6860494505494504,0.010148753242052515,0.010561864108358032
gpt-4-0613,folio,baseline,8,5,0.6889175824175823,0.009539434737915393,0.009927742942347426
gpt-4-0613,folio,baseline,8,6,0.6888516483516482,0.009255198899966299,0.009631937120337266
gpt-4-0613,folio,baseline,8,7,0.6904010989010988,0.008618830256814052,0.008969664723768986
gpt-4-0613,folio,baseline,8,8,0.6896373626373624,0.00863495059014467,0.008986441244584758
gpt-4-0613,folio,baseline,8,9,0.6914120879120879,0.008183735316407672,0.008516858992345278
gpt-4-0613,folio,baseline,8,10,0.6912967032967032,0.007981502585889406,0.008306394261648552
gpt-4-0613,folio,scratchpad,8,1,0.683664835164835,0.010495326761490335,0.01092254510321069
gpt-4-0613,folio,scratchpad,8,2,0.6839725274725275,0.010571335758428323,0.011001648090299306
gpt-4-0613,folio,scratchpad,8,3,0.6859560439560439,0.008987613744546256,0.009353459756511957
gpt-4-0613,folio,scratchpad,8,4,0.6855604395604393,0.008743027307887154,0.009098917287587122
gpt-4-0613,folio,scratchpad,8,5,0.6869010989010987,0.008215606862038895,0.008550027887661944
gpt-4-0613,folio,scratchpad,8,6,0.6874505494505493,0.007883311528291585,0.008204206280300568
gpt-4-0613,folio,scratchpad,8,7,0.6881208791208789,0.007349824836675703,0.00764900370456774
gpt-4-0613,folio,scratchpad,8,8,0.6876373626373624,0.007183947743443959,0.007476374488385438
gpt-4-0613,folio,scratchpad,8,9,0.6888736263736263,0.006662583532034538,0.0069337878454221995
gpt-4-0613,folio,scratchpad,8,10,0.6886978021978021,0.007124556013809814,0.007414565184070408
gpt-4-0613,folio,cot,8,1,0.7258626373626373,0.010780369603869766,0.01121919077923294
gpt-4-0613,folio,cot,8,2,0.7265164835164835,0.011659392445328341,0.012133994753494371
gpt-4-0613,folio,cot,8,3,0.7359450549450548,0.013602242901634932,0.014155930060517517
gpt-4-0613,folio,cot,8,4,0.736043956043956,0.013701494457478461,0.014259221708305226
gpt-4-0613,folio,cot,8,5,0.7401373626373625,0.012591861468604856,0.01310442046729447
gpt-4-0613,folio,cot,8,6,0.7401923076923076,0.01250742443440572,0.01301654637481691
gpt-4-0613,folio,cot,8,7,0.742164835164835,0.011570499738349482,0.012041483617501382
gpt-4-0613,folio,cot,8,8,0.7426373626373627,0.011653533991290927,0.012127897827699404
gpt-4-0613,folio,cot,8,9,0.7430604395604395,0.011218524916053551,0.011675181456636029
gpt-4-0613,folio,cot,8,10,0.7436318681318681,0.010843429910576102,0.01128481799217018
gpt-4-0613,folio,neurosymbolic,8,1,0.6390824175824176,0.02476372529179031,0.02577174704227031
gpt-4-0613,folio,neurosymbolic,8,2,0.6780054945054944,0.023977326341376348,0.024953337268071498
gpt-4-0613,folio,neurosymbolic,8,3,0.6886978021978021,0.018661391278615016,0.019421013996175122
gpt-4-0613,folio,neurosymbolic,8,4,0.6966923076923076,0.01797903957462923,0.018710886771705636
gpt-4-0613,folio,neurosymbolic,8,5,0.7014999999999999,0.016691066047042676,0.017370485537279674
gpt-4-0613,folio,neurosymbolic,8,6,0.7045659340659339,0.01651612068503957,0.017188418923204562
gpt-4-0613,folio,neurosymbolic,8,7,0.7064615384615383,0.015185350035272707,0.015803478485004855
gpt-4-0613,folio,neurosymbolic,8,8,0.7091263736263734,0.015309154612514865,0.015932322599117924
gpt-4-0613,folio,neurosymbolic,8,9,0.7102747252747251,0.014941721509305245,0.01554993291908
gpt-4-0613,folio,neurosymbolic,8,10,0.711153846153846,0.014858650518470531,0.015463480475551532
gpt-4-0613,proofwriter,baseline,8,1,0.5343472222222222,0.011369147863764808,0.01673288379250693
gpt-4-0613,proofwriter,baseline,8,2,0.5347111111111111,0.011159610816701747,0.016424491369367997
gpt-4-0613,proofwriter,baseline,8,3,0.5339055555555555,0.008731931962771408,0.012851482324617032
gpt-4-0613,proofwriter,baseline,8,4,0.5333194444444446,0.008781018652767267,0.012923727130410905
gpt-4-0613,proofwriter,baseline,8,5,0.5327416666666668,0.007163021790615977,0.010542391801198895
gpt-4-0613,proofwriter,scratchpad,8,1,0.5433722222222224,0.01307179958706698,0.01923881244842051
gpt-4-0613,proofwriter,scratchpad,8,2,0.5434194444444446,0.013268022625196116,0.01952760958025236
gpt-4-0613,proofwriter,scratchpad,8,3,0.5456416666666668,0.01160939613863287,0.017086476384747726
gpt-4-0613,proofwriter,scratchpad,8,4,0.5459111111111111,0.011801213580615711,0.017368789448535427
gpt-4-0613,proofwriter,scratchpad,8,5,0.5477972222222223,0.010738240409804835,0.015804326856011706
gpt-4-0613,proofwriter,cot,8,1,0.7025944444444444,0.009399256274754866,0.013833636862330663
gpt-4-0613,proofwriter,cot,8,2,0.7031138888888888,0.009559091319359392,0.014068878875134607
gpt-4-0613,proofwriter,cot,8,3,0.7115666666666666,0.012909676722769622,0.019000203268479936
gpt-4-0613,proofwriter,cot,8,4,0.7108916666666667,0.012701085972331001,0.018693203585732784
gpt-4-0613,proofwriter,cot,8,5,0.7154083333333333,0.011852290175633032,0.017443962956627947
gpt-4-0613,proofwriter,neurosymbolic,8,1,0.9568638888888888,0.0027877031011653676,0.0041028855107496775
gpt-4-0613,proofwriter,neurosymbolic,8,2,0.967675,0.006246746684139058,0.009193836477408063
gpt-4-0613,proofwriter,neurosymbolic,8,3,0.9732388888888889,0.005337414526450079,0.007855499646387142
gpt-4-0613,proofwriter,neurosymbolic,8,4,0.9759305555555554,0.004385701198212193,0.006454787058600361
gpt-4-0613,proofwriter,neurosymbolic,8,5,0.9776944444444443,0.00414168436541414,0.006095647978384958
